id,age,gender,occupation,children,dev_usage,yt_usage,d10_1,d10_2,d10_3,d10_4,d10_5,d10_6,d10_7,d10_8,subscribe,notifications,sub_to_other,ads_bother,w_targetted_ads,ad_quality,purchase_influence,yt_premium,switch_platforms,content_quality
1,18 - 25,Male,Student,No,6,5,4,3,1,1,1,2,3,1,7,1,1,1,2,1,5,7,1,1
2,18 - 25,Male,Student,Yes,6,5,4,3,1,1,1,2,3,1,7,1,1,1,2,1,5,7,1,1
3,26 - 35,Male,Student,No,6,5,4,2,1,2,4,6,6,6,7,1,4,2,1,1,4,5,1,1
4,26 - 35,Male,Student,No,6,3,5,5,1,6,5,6,4,1,7,1,1,3,3,1,2,5,1,1
5,26 - 35,Male,Student,No,6,7,6,1,1,2,5,5,5,5,7,6,3,1,1,4,1,3,1,1
6,18 - 25,Male,Student,No,6,6,5,4,2,2,2,2,2,1,7,4,2,1,1,2,7,5,1,1
7,18 - 25,Female,Student,No,4,5,3,2,7,2,1,1,3,1,1,1,5,7,1,1,1,3,6,4
8,18 - 25,Male,Working student,No,4,2,4,4,4,4,2,1,4,2,3,2,1,4,1,1,1,1,1,5
9,18 - 25,Male,Working student,No,7,5,3,5,3,5,7,3,4,1,1,1,1,3,1,1,1,4,1,6
10,18 - 25,Male,Student,No,6,4,6,6,3,1,2,2,6,5,4,2,3,7,2,2,1,5,5,6
11,18 - 25,Female,Working student,No,5,1,5,4,1,3,3,1,6,5,1,1,1,4,1,2,1,1,1,2
12,18 - 25,Male,Student,No,6,4,3,3,4,2,2,3,1,4,3,1,1,2,1,3,1,1,1,2
13,18 - 25,Female,Student,No,5,4,1,1,5,5,5,5,5,6,6,6,1,1,3,4,2,1,4,6
14,18 - 25,Male,Student,No,7,6,6,5,2,2,3,7,1,4,6,1,1,5,1,5,1,1,1,5
15,18 - 25,Male,Student,No,5,3,6,2,7,2,6,1,2,5,2,1,1,6,2,2,1,1,6,5
16,18 - 25,Female,Student,No,6,4,6,2,1,5,3,4,4,3,6,1,1,5,4,2,1,3,2,5
17,18 - 25,Female,Student,No,4,5,1,4,5,3,4,3,4,1,7,3,1,7,1,1,1,1,5,3
18,18 - 25,Female,Working student,No,3,4,3,4,2,3,6,6,7,7,7,1,1,4,7,1,1,1,3,5
19,18 - 25,Male,Student,No,5,4,2,5,1,4,6,5,6,5,6,1,1,6,5,3,1,1,1,4
20,26 - 35,Male,Student,No,7,3,1,4,7,4,4,7,7,1,3,1,1,7,1,1,1,1,1,7
21,18 - 25,Female,Student,No,7,3,2,3,5,7,7,5,6,7,4,2,1,6,5,3,1,2,3,2
22,26 - 35,Male,Student,No,7,1,1,1,2,1,5,3,7,5,1,1,5,7,1,1,1,1,7,1
23,26 - 35,Male,Student,No,5,1,3,2,1,1,3,1,6,1,1,1,1,7,1,1,1,1,1,4
24,18 - 25,Female,Working student,No,7,1,4,4,4,4,4,4,2,4,1,1,1,5,2,4,1,1,3,5
25,18 - 25,Male,Employed,No,4,3,6,4,5,1,3,1,5,3,2,1,3,7,1,1,1,4,2,4
26,26 - 35,Female,Student,No,6,3,1,6,1,4,7,1,5,3,5,1,1,2,2,4,1,2,2,4
27,18 - 25,Male,Student,No,6,6,3,2,1,6,4,1,4,5,1,1,1,6,1,2,1,1,1,5
28,18 - 25,Female,Student,No,7,2,1,3,2,6,6,1,6,5,2,2,1,4,4,5,1,1,3,4
29,26 - 35,Male,Student,No,5,7,6,5,2,6,6,4,2,4,7,2,2,4,2,2,1,1,1,7
30,26 - 35,Male,Working student,No,7,6,1,6,6,5,5,6,7,5,2,1,5,5,3,2,1,7,2,5
31,18 - 25,Female,Student,No,5,4,2,3,1,6,4,1,5,6,4,1,1,3,6,2,1,1,3,4
32,26 - 35,Female,Student,No,5,2,1,3,7,2,7,1,4,4,4,4,6,4,3,2,1,4,5,5
33,36 - 45,Female,Student,No,7,1,1,2,1,2,3,2,4,5,2,1,7,7,4,4,1,3,5,3
34,18 - 25,Male,Student,No,7,4,1,3,5,5,4,1,4,4,2,2,1,7,1,5,1,1,1,4
35,26 - 35,Male,Student,No,5,6,1,2,6,3,4,6,4,5,5,3,7,2,3,1,1,7,5,5
36,26 - 35,Male,Employed,No,7,3,6,4,1,3,5,6,5,5,3,1,1,7,1,1,1,1,7,1
37,26 - 35,Male,Working student,No,7,6,1,7,7,7,7,1,1,3,5,4,1,7,1,7,1,4,4,7
38,18 - 25,Female,Student,No,7,5,1,1,1,7,5,1,2,6,6,7,1,4,1,3,1,1,1,5
39,26 - 35,Female,Student,No,5,3,1,1,7,4,1,6,7,4,3,1,1,2,1,1,1,1,1,5
40,18 - 25,Female,Student,No,7,2,1,4,1,6,6,1,4,3,5,1,1,6,3,3,1,4,4,5
41,26 - 35,Male,Student,No,4,1,4,6,2,4,5,1,3,6,5,1,1,6,4,3,2,2,2,4
42,26 - 35,Male,Working student,No,7,4,5,7,1,7,7,7,1,7,7,7,1,7,7,1,1,1,7,3
43,26 - 35,Female,Student,No,7,5,1,1,4,4,1,2,5,6,4,1,1,5,4,4,1,1,2,6
44,26 - 35,Female,Working student,Yes,7,5,1,3,4,3,6,6,6,6,4,1,1,7,1,1,1,1,1,3
45,18 - 25,Male,Working student,No,5,7,3,6,3,7,7,7,5,6,7,1,1,7,6,6,2,3,6,5
46,26 - 35,Male,Student,No,6,3,6,4,2,4,4,2,6,5,4,2,1,2,5,6,2,1,1,6
47,26 - 35,Female,Student,No,3,1,3,3,1,1,5,1,7,5,2,1,2,6,2,3,2,2,4,5
48,26 - 35,Male,Student,No,6,2,5,2,3,2,6,1,5,2,2,1,1,5,1,4,1,4,6,3
49,18 - 25,Male,Student,No,7,5,3,5,1,5,6,2,5,5,7,3,1,7,2,1,1,2,4,5
50,18 - 25,Male,Student,No,5,2,3,6,2,4,5,2,4,3,4,1,1,6,3,5,2,1,5,5
51,18 - 25,Male,Student,No,6,6,3,4,6,6,3,2,4,6,6,1,2,5,5,4,2,3,1,2
52,18 - 25,Male,Student,No,6,5,2,5,2,4,2,5,3,6,5,1,1,6,1,3,2,1,3,6
53,46 - 60,Male,Employed,Yes,2,5,7,6,2,1,1,2,4,2,3,1,2,7,1,1,1,2,2,6
54,26 - 35,Female,Working student,Yes,3,3,3,3,5,3,2,1,7,3,2,2,6,7,1,1,1,3,3,4
55,46 - 60,Female,Employed,Yes,3,4,1,1,5,6,7,1,1,1,5,1,3,6,3,3,1,1,1,5
56,46 - 60,Female,Unemployed,Yes,3,4,1,3,4,1,7,1,2,5,1,1,6,5,1,1,2,2,3,4
57,46 - 60,Male,Employed,Yes,4,2,5,7,1,1,1,1,2,3,1,1,1,6,1,1,1,1,2,4
58,26 - 35,Female,Employed,No,6,3,1,1,2,3,3,1,5,5,3,7,1,1,4,3,2,1,1,5
59,> 60,Male,Employed,Yes,7,2,4,1,1,1,5,3,7,1,1,1,2,6,4,2,1,1,6,5
60,36 - 45,Female,Employed,Yes,6,5,1,1,4,4,6,1,5,3,1,1,4,6,3,2,2,1,6,1
61,26 - 35,Male,Student,No,5,5,1,5,7,2,6,6,1,5,5,3,1,3,2,4,2,2,2,4
62,26 - 35,Female,Working student,No,7,1,1,2,3,4,7,4,6,6,5,6,4,5,1,6,1,2,2,5
63,46 - 60,Male,Employed,Yes,2,5,6,6,2,1,1,1,4,4,1,1,2,6,1,1,1,3,4,4
64,> 60,Female,Unemployed,No,6,5,1,4,4,1,7,1,1,6,1,1,2,5,3,1,2,2,3,4
65,46 - 60,Female,Employed,Yes,2,4,1,2,3,1,2,1,7,6,1,1,3,7,1,1,1,3,4,4
66,46 - 60,Male,Employed,Yes,6,3,5,5,4,1,1,1,6,7,3,3,5,7,1,1,1,4,5,3
67,< 18,Female,Student,No,5,3,5,3,4,5,1,1,7,7,4,3,2,7,1,1,1,2,6,4
68,46 - 60,Other,Employed,No,5,3,3,4,4,2,1,5,5,5,2,1,2,6,5,2,1,2,5,5
69,36 - 45,Female,Employed,Yes,3,4,1,3,5,1,3,1,5,5,1,1,2,4,2,2,1,2,3,3
70,18 - 25,Female,Student,No,3,5,3,2,6,2,1,1,6,4,2,1,2,7,1,1,1,1,6,3
71,> 60,Male,Employed,Yes,2,3,6,7,2,1,6,1,2,5,3,1,2,5,2,2,2,1,2,4
72,> 60,Female,Employed,No,6,3,1,3,4,1,5,1,5,3,1,1,3,7,1,1,1,3,7,2
73,> 60,Male,Employed,No,5,5,6,6,2,1,7,1,2,2,5,4,2,5,1,1,1,1,4,4
74,18 - 25,Male,Student,No,6,6,7,2,2,2,2,7,7,7,4,2,6,6,5,2,2,2,5,2
75,18 - 25,Male,Working student,No,7,7,7,2,7,1,1,7,7,6,1,1,1,7,1,1,1,1,4,4
76,18 - 25,Male,Student,No,7,2,1,6,5,2,7,6,6,6,6,6,1,7,5,3,1,1,2,2
77,18 - 25,Male,Student,No,5,2,6,3,1,4,3,1,7,6,4,1,6,7,1,1,1,2,5,6
78,18 - 25,Male,Student,No,4,2,1,4,3,6,4,2,5,4,5,4,1,5,4,4,1,2,4,4
79,18 - 25,Male,Student,No,3,6,1,5,5,1,1,5,2,2,4,1,2,7,2,2,1,3,2,7
80,> 60,Male,Employed,No,6,2,2,2,1,1,3,2,7,3,5,1,1,1,1,7,1,1,1,1
81,18 - 25,Male,Student,No,7,7,1,3,7,7,7,7,2,1,1,1,1,1,1,3,1,1,1,7
82,18 - 25,Male,Employed,No,7,5,2,1,5,6,7,2,4,5,2,1,2,4,1,4,2,2,4,3
83,36 - 45,Female,Employed,Yes,5,2,1,1,1,1,6,1,6,3,1,1,1,7,2,3,3,1,5,4
84,> 60,Male,Unemployed,Yes,3,2,3,3,1,1,2,1,5,1,1,1,1,7,1,2,1,1,1,3
85,18 - 25,Male,Student,No,5,5,2,3,1,4,7,1,6,5,5,5,1,4,4,2,1,1,1,7
86,< 18,Male,Student,No,7,7,7,1,2,7,1,7,7,7,5,5,1,7,1,1,1,2,1,6
87,46 - 60,Female,Employed,Yes,3,2,6,6,1,1,4,1,1,1,1,1,1,1,1,2,3,1,7,4
88,> 60,Female,Employed,Yes,5,7,1,1,6,6,7,1,2,2,4,4,3,7,1,3,2,2,5,6
89,26 - 35,Male,Employed,No,6,6,1,7,1,1,7,7,6,6,2,1,2,7,1,1,1,6,6,4
90,36 - 45,Female,Employed,Yes,2,3,1,1,7,6,7,1,2,2,5,2,7,6,1,1,1,5,1,6
91,18 - 25,Male,Student,No,7,2,2,7,1,7,5,4,4,6,5,1,7,7,1,1,1,1,1,6
92,18 - 25,Male,Student,No,4,3,1,6,6,1,2,2,4,4,1,1,1,6,1,2,1,1,2,3
93,36 - 45,Female,Employed,No,7,4,1,1,5,6,5,1,6,6,5,3,2,5,3,2,2,1,5,4
94,36 - 45,Female,Employed,No,7,3,1,3,6,5,1,1,6,1,1,1,2,5,3,6,2,2,2,5
95,18 - 25,Male,Student,No,7,4,7,1,2,7,1,7,7,7,6,6,2,7,1,1,1,1,7,5
96,26 - 35,Male,Employed,No,6,7,6,3,6,6,7,7,6,3,6,2,5,6,6,4,1,6,3,4
97,36 - 45,Male,Employed,Yes,4,6,6,7,4,1,4,4,3,3,2,1,1,6,2,5,3,4,4,7
98,26 - 35,Male,Employed,No,7,7,7,7,7,7,7,7,7,7,7,1,7,7,7,7,4,1,1,1
99,26 - 35,Male,Employed,No,6,4,7,2,1,1,5,1,6,1,5,6,2,7,7,1,1,5,2,5
100,26 - 35,Male,Employed,Yes,5,3,1,3,3,5,7,5,7,2,1,1,1,5,1,1,1,1,5,4
101,26 - 35,Male,Employed,No,7,3,3,3,4,4,6,6,7,7,7,7,5,6,6,4,2,1,6,5
102,26 - 35,Female,Employed,No,7,3,1,1,7,1,7,7,7,7,2,1,1,5,4,3,2,1,2,7
103,36 - 45,Female,Employed,Yes,7,7,1,1,4,3,4,2,6,6,6,3,4,7,7,2,1,3,6,6
104,26 - 35,Male,Employed,Yes,2,1,2,2,4,1,4,4,7,7,5,4,2,7,4,4,3,1,6,3
105,26 - 35,Male,Employed,No,7,4,3,2,6,4,5,7,4,4,3,2,1,5,1,1,1,1,1,5
106,26 - 35,Male,Employed,Yes,7,2,4,4,2,2,5,5,5,3,3,2,1,7,1,3,1,5,4,4
107,26 - 35,Male,Employed,No,6,3,5,5,2,6,6,4,5,3,6,1,1,7,1,1,1,2,5,4
108,36 - 45,Female,Employed,Yes,7,3,4,6,2,3,6,3,3,3,1,1,1,5,6,4,1,4,1,4
109,26 - 35,Male,Employed,No,4,5,5,7,3,3,7,2,1,1,4,1,4,7,1,3,1,7,4,7
110,26 - 35,Male,Employed,Yes,7,4,7,5,7,2,4,2,2,1,3,1,7,7,7,3,1,3,1,7
111,> 60,Female,Employed,Yes,6,3,1,1,3,1,5,1,6,5,1,1,3,7,1,1,1,2,3,4
112,36 - 45,Other,Employed,No,5,2,3,5,5,3,4,4,5,6,3,3,4,7,2,2,2,2,6,3
113,46 - 60,Female,Employed,Yes,3,6,1,3,7,7,7,1,2,2,5,5,5,5,4,4,3,6,2,6
114,46 - 60,Male,Employed,Yes,4,2,5,5,5,1,6,1,6,5,4,3,2,6,2,1,1,2,4,2
115,< 18,Male,Student,No,7,4,7,4,3,6,2,7,7,6,5,6,1,7,1,1,1,1,7,4
116,36 - 45,Male,Employed,Yes,7,7,1,7,7,4,7,4,7,6,4,4,7,7,7,4,4,7,7,7
117,> 60,Male,Employed,Yes,7,1,6,6,6,3,4,2,6,5,2,3,3,5,1,1,1,7,7,2
118,26 - 35,Male,Unemployed,No,6,5,4,3,4,4,7,4,4,4,5,2,1,4,4,5,4,1,3,1
119,< 18,Male,Working student,No,7,4,2,1,4,7,7,6,7,7,5,6,2,7,1,1,1,7,7,3
120,46 - 60,Female,Employed,Yes,4,7,1,5,7,7,7,1,4,1,1,1,6,4,5,5,5,1,1,7
121,< 18,Male,Working student,No,5,2,5,2,4,1,4,7,6,5,6,4,2,6,2,5,7,4,5,4
122,< 18,Male,Working student,No,7,1,6,2,4,2,2,7,6,6,5,7,2,1,7,5,2,7,5,7
123,18 - 25,Female,Working student,No,5,3,5,1,3,3,5,4,6,6,4,7,2,2,5,7,4,2,3,5
124,18 - 25,Male,Student,No,5,5,6,2,2,1,6,4,6,5,7,5,5,7,4,2,7,4,6,1
125,18 - 25,Other,Student,No,7,3,5,3,2,1,3,4,6,6,6,7,6,6,3,1,2,4,7,5
126,18 - 25,Male,Working student,No,6,4,7,2,4,1,5,7,5,7,3,2,4,6,2,4,6,7,5,5
127,< 18,Female,Working student,No,5,5,5,4,1,1,7,6,7,5,3,6,4,3,2,5,6,3,7,7
128,< 18,Female,Student,No,6,2,7,2,3,3,6,5,5,7,3,4,2,3,3,6,6,1,7,3
129,< 18,Female,Working student,No,5,3,6,1,3,2,2,6,6,7,6,2,5,1,4,4,3,1,5,1
130,< 18,Other,Student,No,5,3,6,2,4,2,6,5,6,7,4,6,4,2,5,1,7,5,3,7
131,< 18,Male,Working student,No,5,2,7,2,3,3,3,6,7,5,6,3,6,4,7,5,4,5,2,6
132,18 - 25,Other,Working student,No,7,1,6,4,3,1,5,4,5,5,3,4,1,6,2,3,7,6,4,1
133,18 - 25,Other,Student,No,5,1,5,1,4,2,7,6,6,6,6,7,6,2,6,7,5,7,3,3
134,18 - 25,Female,Working student,No,6,1,5,1,2,2,3,4,6,5,3,7,5,3,6,5,2,1,7,7
135,< 18,Male,Working student,No,6,5,7,4,2,1,1,5,5,7,6,5,3,2,7,4,1,3,2,2
136,18 - 25,Female,Working student,No,7,3,6,4,2,2,7,5,7,5,7,2,7,1,1,1,6,1,2,5
137,< 18,Other,Working student,No,7,1,6,1,1,2,2,4,5,7,3,3,5,3,3,4,5,1,5,1
138,18 - 25,Other,Working student,No,6,2,5,4,3,2,4,6,5,5,4,7,5,1,5,7,1,6,7,1
139,< 18,Female,Working student,No,6,1,5,2,1,2,7,4,6,6,5,6,6,7,7,7,5,3,3,6
140,18 - 25,Male,Working student,No,6,1,5,1,2,3,2,7,5,5,4,3,3,6,7,6,5,4,7,5
141,18 - 25,Other,Working student,No,5,3,6,1,1,2,5,5,7,5,5,2,7,1,3,7,1,7,5,2
142,18 - 25,Other,Working student,No,5,3,7,3,2,1,5,4,7,7,5,1,5,4,3,6,2,4,4,6
143,< 18,Female,Working student,No,7,2,7,1,3,1,4,7,5,5,6,4,3,4,7,3,3,1,5,4
144,18 - 25,Male,Student,No,7,2,5,4,4,2,6,7,6,5,5,7,7,7,4,7,5,6,5,6
145,< 18,Male,Student,No,6,2,7,2,2,1,1,4,6,5,4,7,1,5,7,3,2,2,7,4
146,< 18,Other,Working student,No,6,2,7,4,3,2,7,5,6,6,7,2,2,1,5,3,1,2,6,2
147,< 18,Other,Working student,No,5,4,5,3,4,1,1,4,5,6,3,1,4,7,5,7,7,4,7,3
148,18 - 25,Female,Student,No,7,5,6,3,2,2,2,6,5,7,4,2,4,1,7,4,6,7,2,7
149,18 - 25,Male,Student,No,6,3,6,4,1,3,3,4,5,6,3,1,4,2,6,1,7,1,4,3
150,18 - 25,Male,Student,No,7,5,7,2,1,1,6,4,5,6,5,6,3,1,5,3,6,3,2,1
151,18 - 25,Other,Student,No,7,3,6,2,3,1,3,7,5,7,5,5,4,2,1,1,2,1,3,1
152,< 18,Other,Student,No,7,5,7,4,1,3,5,4,5,6,5,7,1,6,4,3,3,6,7,2
153,18 - 25,Female,Student,No,5,4,7,1,4,2,3,4,7,5,7,5,4,3,5,6,1,5,5,6
154,< 18,Other,Student,No,7,1,6,2,1,1,6,7,7,5,3,4,4,3,5,3,3,6,2,2
155,18 - 25,Male,Student,No,5,3,7,1,2,3,2,5,5,6,3,4,2,1,4,3,5,4,2,4
156,< 18,Other,Working student,No,6,1,7,1,2,2,6,6,6,6,3,7,2,4,4,2,7,2,2,2
157,< 18,Other,Student,No,7,2,7,3,3,1,3,5,7,6,6,4,5,3,5,1,7,4,5,2
158,18 - 25,Female,Student,No,5,1,6,3,1,1,1,4,5,7,5,7,1,6,2,1,7,6,6,2
159,< 18,Female,Student,No,6,5,5,1,3,3,6,6,7,5,4,1,1,7,6,4,7,6,5,2
160,18 - 25,Male,Student,No,7,5,6,1,3,2,6,6,6,7,4,7,4,3,4,3,5,6,2,6
161,< 18,Other,Working student,No,6,3,7,1,1,3,3,7,6,6,5,4,5,7,5,6,5,1,7,7
162,< 18,Female,Student,No,7,4,5,3,3,2,2,5,6,6,4,5,5,3,6,3,3,5,1,4
163,18 - 25,Male,Student,No,7,2,7,4,1,3,1,7,5,7,4,2,6,5,1,6,1,7,1,3
164,18 - 25,Male,Working student,No,7,4,6,3,1,2,3,4,5,7,7,3,2,2,7,2,4,3,1,7
165,18 - 25,Female,Student,No,6,3,6,1,4,2,5,7,7,6,5,2,4,3,7,7,1,3,1,4
166,18 - 25,Female,Working student,No,5,5,5,1,2,1,5,4,6,7,7,4,7,2,7,6,2,6,2,5
167,< 18,Female,Working student,No,6,4,6,3,3,1,5,6,5,7,5,3,2,6,1,5,7,2,5,3
168,< 18,Male,Student,No,5,4,7,1,2,3,4,7,7,5,7,5,6,5,1,2,5,1,7,4
169,< 18,Other,Student,No,6,5,5,2,4,1,5,4,5,7,4,6,4,1,5,2,2,6,4,7
170,< 18,Female,Working student,No,6,2,6,1,1,2,2,7,6,7,5,2,5,1,3,4,1,3,7,1
171,18 - 25,Female,Student,No,7,3,5,3,4,3,5,7,6,5,3,2,2,3,2,2,1,3,6,3
172,< 18,Female,Student,No,5,5,7,1,3,2,5,6,5,6,3,4,3,6,2,7,1,1,6,2
173,18 - 25,Male,Working student,No,5,5,6,1,3,1,5,6,6,6,7,5,6,7,2,4,4,5,6,1
174,< 18,Other,Student,No,6,3,5,3,4,2,6,6,7,6,4,2,4,6,5,1,5,7,6,6
175,< 18,Female,Working student,No,6,5,7,4,2,1,4,6,5,5,7,1,1,1,3,2,3,6,7,1
176,< 18,Other,Student,No,7,5,5,1,4,2,2,6,7,6,4,4,3,4,6,6,1,4,3,6
177,18 - 25,Other,Student,No,7,3,7,1,3,2,5,7,7,6,4,3,2,6,5,2,7,6,6,1
178,18 - 25,Other,Student,No,7,2,5,3,1,3,5,6,6,5,5,7,6,2,6,1,5,6,4,3
179,18 - 25,Male,Student,No,5,5,6,3,2,2,2,4,7,7,6,1,5,7,6,2,4,7,6,4
180,< 18,Female,Working student,No,5,5,5,3,1,1,1,7,6,7,5,3,6,3,2,6,5,5,7,6
181,18 - 25,Other,Student,No,6,3,6,3,2,2,6,4,7,7,5,4,5,6,2,5,4,1,1,2
182,< 18,Male,Working student,No,5,2,7,1,1,2,1,4,6,6,6,1,1,5,5,5,4,4,3,7
183,< 18,Female,Working student,No,7,3,7,1,4,2,6,7,6,6,6,5,7,4,1,5,1,1,7,4
184,18 - 25,Other,Working student,No,7,2,7,2,4,1,4,7,5,5,7,1,3,6,2,7,7,6,5,1
185,< 18,Other,Student,No,6,1,7,3,3,1,5,4,7,6,3,4,3,2,7,6,5,4,1,4
186,< 18,Male,Student,No,5,1,7,1,4,1,5,5,5,5,7,3,3,1,1,4,1,2,1,6
187,< 18,Other,Working student,No,7,1,7,4,1,2,5,5,7,7,6,6,2,5,7,7,3,2,7,7
188,18 - 25,Other,Student,No,7,1,7,2,4,2,4,5,6,6,4,2,6,4,1,4,7,5,7,4
189,< 18,Other,Student,No,5,5,6,2,4,1,1,6,6,6,4,6,5,1,5,3,1,1,5,1
190,18 - 25,Female,Student,No,7,1,6,4,3,2,6,7,7,5,3,4,6,7,3,4,6,5,1,3
191,18 - 25,Female,Working student,No,5,4,5,4,4,3,3,4,5,7,3,5,3,1,4,6,3,1,1,3
192,18 - 25,Male,Student,No,7,3,5,2,2,1,7,4,5,7,3,1,5,4,2,2,4,4,3,5
193,18 - 25,Other,Student,No,5,3,5,3,4,2,7,7,5,6,3,4,5,4,1,2,7,1,7,7
194,< 18,Other,Student,No,5,3,7,1,3,3,6,4,5,7,4,6,4,5,7,1,5,4,7,7
195,< 18,Female,Student,No,7,1,7,4,4,3,7,4,7,5,5,6,7,4,2,4,4,2,4,3
196,18 - 25,Other,Working student,No,7,2,6,2,2,2,3,4,7,7,6,3,6,4,6,7,5,1,6,6
197,18 - 25,Male,Working student,No,6,4,6,2,1,3,7,6,5,7,7,2,4,1,2,7,3,1,1,3
198,18 - 25,Female,Student,No,5,4,7,1,1,3,5,7,5,6,5,3,3,6,2,7,7,7,5,3
199,< 18,Other,Student,No,5,5,7,4,2,1,7,5,6,6,5,4,5,2,5,1,1,2,2,3
200,< 18,Male,Working student,No,5,3,5,2,3,2,1,4,5,5,3,1,5,1,3,3,1,2,1,5
201,18 - 25,Other,Working student,No,6,4,6,2,3,1,3,5,5,5,3,2,4,4,3,7,1,6,7,7
202,18 - 25,Female,Working student,No,5,4,5,2,3,1,1,7,6,7,3,5,4,1,6,1,2,6,3,1
203,< 18,Other,Student,No,7,3,5,2,2,1,2,5,5,7,5,4,7,3,1,6,1,2,7,4
204,< 18,Female,Working student,No,6,2,5,1,4,3,2,4,6,5,7,4,2,7,6,1,7,6,7,3
205,18 - 25,Female,Working student,No,7,2,6,4,3,3,3,4,7,6,5,7,4,3,4,1,7,6,7,5
206,< 18,Female,Working student,No,7,1,7,4,4,2,7,6,6,5,7,6,3,4,3,1,5,2,7,6
207,< 18,Female,Student,No,6,3,7,4,3,2,7,7,5,7,3,2,4,3,5,3,6,1,6,3
208,18 - 25,Female,Working student,No,5,3,7,3,2,1,4,4,5,6,7,6,6,2,2,3,4,1,2,2
209,< 18,Male,Student,No,6,3,5,2,4,1,1,4,5,7,6,5,6,4,7,3,1,6,4,7
210,< 18,Female,Student,No,6,2,6,3,2,3,4,5,7,6,7,5,6,6,2,2,1,3,6,7
211,< 18,Male,Student,No,6,4,5,4,1,2,2,5,5,5,3,5,4,1,6,4,4,4,3,3
212,< 18,Male,Working student,No,6,4,5,1,1,3,3,6,7,7,4,1,4,3,1,3,5,4,6,5
213,< 18,Female,Working student,No,5,5,5,4,3,1,3,7,6,7,5,1,3,6,7,1,2,5,4,6
214,< 18,Other,Student,No,5,4,6,4,3,1,2,6,6,7,4,6,6,7,5,6,2,7,5,1
215,< 18,Female,Working student,No,7,1,7,4,3,3,2,6,7,6,6,5,4,4,7,4,2,5,5,7
216,18 - 25,Female,Student,No,7,4,7,4,2,1,4,6,6,7,6,2,4,3,5,6,2,4,2,3
217,< 18,Female,Student,No,5,1,6,1,4,2,7,4,5,7,6,5,7,7,4,4,6,4,2,7
218,18 - 25,Female,Student,No,6,1,7,1,3,2,3,5,7,6,7,5,7,3,3,1,5,6,1,2
219,< 18,Male,Working student,No,7,4,5,2,2,3,5,5,7,5,4,4,7,1,2,6,1,5,5,3
220,18 - 25,Female,Working student,No,5,1,7,1,2,1,2,7,6,7,6,4,3,5,6,5,3,5,1,1
221,< 18,Male,Working student,No,5,5,7,4,4,2,5,5,5,5,4,6,6,7,7,1,6,7,4,5
222,< 18,Male,Working student,No,5,5,5,1,3,3,1,5,5,5,5,3,2,1,4,1,7,4,2,5
223,18 - 25,Male,Working student,No,6,3,7,2,3,3,1,6,5,7,6,3,1,6,3,6,6,7,5,6
224,< 18,Other,Working student,No,6,4,5,3,4,1,2,5,6,6,5,6,4,3,3,5,6,7,7,6
225,18 - 25,Male,Student,No,7,2,7,4,3,1,1,6,5,5,3,4,3,1,1,3,6,4,3,2
226,18 - 25,Female,Student,No,6,4,6,1,1,1,5,7,6,7,7,1,6,7,2,5,7,5,3,6
227,< 18,Other,Working student,No,7,3,6,4,3,1,1,5,6,6,7,1,4,2,3,4,3,2,6,5
228,< 18,Male,Working student,No,5,2,7,3,4,3,2,6,6,5,3,3,3,6,3,2,4,6,1,2
229,18 - 25,Male,Student,No,7,4,6,1,1,2,4,6,6,7,5,1,1,4,5,4,7,6,5,1
230,18 - 25,Other,Working student,No,6,4,6,4,2,2,4,7,6,7,5,4,1,6,1,2,4,7,7,2
231,< 18,Male,Student,No,7,1,6,4,1,1,2,5,6,6,5,5,1,5,7,2,6,6,6,1
232,18 - 25,Male,Student,No,5,2,7,2,1,2,3,5,7,5,6,5,2,4,2,6,7,6,7,1
233,< 18,Other,Working student,No,6,3,6,2,3,2,4,7,5,6,5,6,2,2,6,2,2,5,4,5
234,18 - 25,Female,Student,No,7,1,6,4,4,3,4,6,5,6,3,1,5,5,6,4,1,2,1,7
235,< 18,Female,Working student,No,6,5,6,2,4,2,3,6,7,6,7,3,2,1,7,5,1,7,6,7
236,18 - 25,Female,Student,No,5,5,5,1,1,1,4,6,7,5,3,3,4,2,3,4,7,2,7,5
237,< 18,Other,Student,No,7,3,5,3,3,3,6,6,5,6,5,2,7,7,2,1,7,6,2,4
238,< 18,Other,Working student,No,5,4,6,3,2,3,1,6,6,7,3,7,1,2,4,3,5,3,6,7
239,18 - 25,Other,Working student,No,5,3,7,3,2,2,7,5,5,5,5,6,2,5,1,4,2,5,2,1
240,18 - 25,Male,Working student,No,6,4,5,3,2,2,1,4,5,7,7,4,7,6,7,6,3,3,5,2
241,< 18,Male,Student,No,6,4,5,4,3,1,5,7,7,6,3,6,7,7,2,2,7,6,5,2
242,< 18,Female,Student,No,5,4,7,3,2,2,7,7,7,6,7,2,2,6,5,6,6,3,1,4
243,18 - 25,Female,Working student,No,5,4,5,4,3,3,4,5,6,6,4,4,3,7,5,7,3,1,6,1
244,< 18,Other,Student,No,7,4,5,2,4,1,4,5,6,5,6,5,7,1,6,3,2,6,1,7
245,< 18,Female,Working student,No,6,2,7,4,2,2,2,7,5,5,7,1,7,4,3,3,3,6,3,5
246,18 - 25,Female,Working student,No,7,5,6,2,3,3,5,6,6,5,4,5,2,3,3,6,2,4,4,4
247,18 - 25,Other,Working student,No,6,1,6,2,3,2,7,4,6,6,3,6,4,1,2,4,1,2,5,2
248,< 18,Female,Student,No,7,1,6,4,4,3,3,5,6,6,4,3,6,6,2,7,4,6,5,7
249,< 18,Other,Student,No,7,4,5,1,3,1,4,4,7,5,3,7,3,5,3,4,5,1,5,6
250,18 - 25,Female,Working student,No,5,2,5,1,3,2,2,7,5,6,7,6,7,4,1,5,7,5,7,1
251,18 - 25,Male,Student,No,7,3,7,2,4,3,2,5,6,5,4,3,5,2,6,4,4,7,1,2
252,18 - 25,Male,Student,No,5,5,7,2,2,2,4,5,7,7,7,5,3,7,4,3,3,4,2,6
253,18 - 25,Male,Student,No,5,1,5,3,4,2,3,4,6,7,5,5,1,1,1,2,4,6,7,4
254,18 - 25,Female,Student,No,5,3,6,4,2,3,4,7,6,5,3,6,3,7,6,7,2,7,4,2
255,18 - 25,Other,Working student,No,7,5,7,4,1,1,6,6,5,6,4,5,4,2,5,1,6,5,4,4
256,< 18,Other,Working student,No,7,5,5,3,1,3,5,5,6,6,4,1,1,2,6,5,3,1,1,3
257,18 - 25,Female,Student,No,5,4,5,1,4,2,7,5,6,7,5,5,7,6,4,2,4,7,5,1
258,< 18,Other,Student,No,6,3,5,4,2,3,4,5,5,7,7,1,4,2,2,3,4,3,1,1
259,< 18,Other,Working student,No,5,5,7,2,2,1,5,5,5,5,3,7,2,7,3,4,2,5,5,6
260,18 - 25,Other,Working student,No,6,3,7,2,4,2,1,6,6,6,3,4,2,1,6,3,3,4,5,3
261,< 18,Female,Working student,No,6,3,5,1,4,2,4,7,5,6,4,5,1,4,4,4,3,2,7,4
262,< 18,Male,Student,No,5,2,6,1,1,1,5,6,6,5,4,4,6,7,1,7,2,6,2,6
263,< 18,Male,Student,No,5,2,7,1,4,2,7,7,7,5,5,4,3,3,4,7,1,5,4,3
264,< 18,Male,Working student,No,6,1,5,3,3,1,2,6,7,5,7,3,1,7,2,1,7,7,7,2
265,< 18,Male,Student,No,7,3,5,1,3,2,3,5,6,5,6,5,7,3,1,1,7,2,2,1
266,< 18,Male,Student,No,7,4,6,1,2,1,2,5,5,7,3,6,4,1,6,3,4,4,7,4
267,< 18,Other,Student,No,5,4,6,3,1,2,7,4,6,5,6,1,7,6,1,7,2,1,6,5
268,18 - 25,Female,Student,No,7,1,5,2,3,1,5,4,7,5,7,6,4,4,4,6,2,4,1,2
269,< 18,Female,Student,No,5,2,5,2,3,1,4,6,5,7,7,3,1,2,1,1,3,6,5,6
270,18 - 25,Other,Working student,No,5,2,6,2,3,2,6,5,5,7,7,3,7,6,4,7,3,6,2,3
271,18 - 25,Female,Working student,No,7,5,6,3,4,2,6,5,7,7,3,4,1,5,3,6,7,3,1,2
272,< 18,Male,Working student,No,5,1,7,2,2,2,1,4,6,6,7,2,1,6,2,1,6,7,4,2
273,26 - 35,Female,Employed,No,4,3,4,4,5,1,3,1,3,4,2,7,4,1,2,1,7,1,1,4
274,26 - 35,Female,Working student,Yes,6,5,6,2,4,7,5,2,1,2,6,6,4,1,4,4,6,4,3,2
275,36 - 45,Male,Working student,No,4,3,2,3,5,3,2,2,5,6,4,3,4,1,7,3,2,4,7,7
276,26 - 35,Male,Employed,No,5,2,4,3,7,6,5,6,5,3,5,6,5,1,7,4,6,4,6,1
277,36 - 45,Female,Unemployed,No,7,3,4,3,3,3,1,2,2,3,2,6,2,1,4,5,1,5,4,2
278,26 - 35,Male,Working student,No,4,6,7,2,7,5,1,3,7,3,6,1,1,5,1,3,5,3,5,6
279,26 - 35,Male,Unemployed,Yes,4,4,6,2,7,7,7,7,2,7,1,3,6,7,2,2,5,3,6,5
280,36 - 45,Female,Unemployed,Yes,6,2,3,4,6,4,5,3,2,4,7,3,6,3,7,3,4,3,2,2
281,26 - 35,Male,Unemployed,No,4,6,3,6,1,6,5,2,4,2,4,6,7,7,7,7,7,5,1,4
282,26 - 35,Male,Employed,Yes,5,3,4,7,4,5,5,1,2,4,1,6,6,2,5,6,2,1,4,7
283,36 - 45,Female,Unemployed,No,4,6,3,2,6,1,5,1,3,5,1,5,3,2,4,1,4,4,3,1
284,26 - 35,Male,Working student,Yes,6,3,2,7,7,3,1,6,2,1,3,6,1,6,3,1,4,7,6,6
285,36 - 45,Female,Working student,Yes,6,2,3,5,4,7,5,7,6,2,1,1,1,5,1,6,4,2,4,5
286,26 - 35,Female,Working student,Yes,6,6,2,5,7,4,5,7,2,3,6,6,2,1,3,5,2,6,3,7
287,36 - 45,Male,Employed,No,7,3,2,3,3,6,7,4,4,7,4,3,2,5,2,7,4,5,5,7
288,36 - 45,Male,Employed,Yes,5,3,3,2,2,5,7,5,7,5,1,3,5,5,2,4,7,1,6,4
289,26 - 35,Female,Employed,No,6,4,4,6,1,7,4,2,4,7,6,7,2,1,1,6,3,6,4,6
290,36 - 45,Female,Working student,Yes,5,3,7,6,2,6,7,2,1,1,1,5,1,2,5,2,6,2,4,4
291,36 - 45,Female,Working student,Yes,4,3,1,7,1,2,4,1,4,7,4,1,3,7,6,6,5,1,2,3
292,36 - 45,Female,Working student,Yes,4,3,3,1,3,6,4,3,3,2,2,3,1,3,1,1,3,4,7,7
293,36 - 45,Female,Working student,No,6,4,3,6,4,4,2,6,3,1,6,1,3,3,4,6,7,6,3,1
294,26 - 35,Male,Working student,Yes,7,2,7,3,2,5,1,3,3,7,5,5,5,2,3,7,2,2,3,2
295,26 - 35,Female,Unemployed,No,6,5,6,4,3,5,3,3,2,5,1,7,2,5,7,7,4,1,3,3
296,26 - 35,Male,Working student,Yes,7,5,7,3,3,2,7,6,3,3,3,2,2,7,7,1,3,6,1,7
297,36 - 45,Female,Unemployed,No,4,5,5,3,6,1,7,3,3,2,7,3,1,6,5,6,3,3,1,3
298,36 - 45,Female,Working student,Yes,6,6,7,7,2,5,1,7,6,3,1,6,1,4,2,3,3,3,3,5
299,36 - 45,Male,Working student,No,5,2,3,5,1,5,6,7,1,4,2,6,1,2,4,6,4,1,5,7
300,26 - 35,Female,Working student,Yes,6,4,6,1,7,4,3,4,2,4,1,2,4,3,6,7,3,2,3,6
301,36 - 45,Male,Unemployed,Yes,6,2,3,4,6,2,5,1,7,3,7,1,7,7,4,6,3,4,2,7
302,36 - 45,Male,Working student,Yes,5,4,7,1,3,4,2,6,7,3,2,7,2,7,4,5,2,3,6,6
303,26 - 35,Female,Working student,Yes,7,5,7,7,5,3,2,6,3,7,4,2,7,6,1,7,7,4,1,3
304,26 - 35,Male,Working student,Yes,4,4,2,1,3,6,6,6,7,2,2,4,2,6,4,4,1,7,1,5
305,36 - 45,Male,Unemployed,No,4,2,5,7,1,3,5,3,4,3,4,4,6,4,1,6,2,4,1,7
306,26 - 35,Male,Employed,Yes,4,6,7,2,4,5,1,2,6,5,6,2,7,5,2,6,7,1,5,2
307,26 - 35,Female,Working student,Yes,5,4,6,5,5,4,1,7,3,4,4,1,6,4,7,4,7,4,1,7
308,26 - 35,Female,Unemployed,Yes,5,4,4,3,5,6,1,5,1,4,4,6,6,2,1,2,4,6,3,6
309,36 - 45,Female,Employed,Yes,5,4,4,6,2,6,3,4,2,5,5,5,4,1,3,3,6,4,4,1
310,36 - 45,Female,Unemployed,Yes,7,3,4,2,4,1,3,2,4,3,4,4,1,2,1,2,2,3,5,1
311,36 - 45,Male,Working student,No,7,6,5,6,6,1,6,4,1,3,6,7,3,4,7,2,4,1,7,4
312,36 - 45,Male,Employed,No,4,4,2,2,4,6,7,3,5,3,5,4,4,1,6,2,4,4,4,1
313,26 - 35,Female,Working student,No,5,3,7,5,1,7,6,1,5,4,2,2,7,7,1,1,7,4,4,1
314,36 - 45,Female,Employed,No,4,4,3,6,1,7,3,1,3,1,7,6,5,5,7,2,4,6,7,7
315,26 - 35,Male,Working student,No,6,3,5,1,7,7,1,4,4,2,6,1,1,4,4,4,6,6,5,4
316,36 - 45,Male,Working student,Yes,7,4,4,1,3,7,1,6,6,6,6,3,7,1,7,3,2,6,4,6
317,26 - 35,Male,Unemployed,No,4,4,6,3,6,7,1,2,7,1,5,5,7,3,7,6,6,6,3,2
318,36 - 45,Male,Employed,No,6,3,5,7,1,7,3,5,6,7,2,1,5,5,7,5,3,7,2,4
319,26 - 35,Female,Unemployed,No,6,2,1,6,2,7,6,1,4,2,6,7,4,6,5,2,5,1,1,7
320,36 - 45,Female,Employed,No,6,2,7,1,6,5,7,1,7,7,1,2,4,7,4,3,3,4,1,5
321,36 - 45,Male,Working student,Yes,7,4,7,1,5,3,3,3,2,2,2,5,6,1,5,2,1,1,3,7
322,36 - 45,Female,Employed,No,5,5,3,7,2,1,6,1,7,5,7,3,2,3,5,4,7,4,6,3
323,26 - 35,Male,Working student,Yes,7,5,7,1,7,7,5,4,7,2,7,7,3,3,2,4,3,6,1,7
324,26 - 35,Female,Unemployed,Yes,5,5,7,1,2,7,5,1,6,5,3,3,6,7,3,2,7,7,4,2
325,36 - 45,Male,Working student,Yes,6,3,4,3,1,2,3,5,5,4,6,4,4,4,4,4,7,1,5,4
326,36 - 45,Female,Employed,No,4,3,3,3,7,2,1,5,1,7,6,3,7,5,6,6,1,6,3,7
327,26 - 35,Male,Employed,No,7,6,6,5,1,6,4,5,1,1,3,2,5,1,3,2,3,1,7,5
328,36 - 45,Female,Employed,Yes,7,3,7,5,6,1,2,4,1,4,1,1,4,1,1,7,5,5,6,3
329,36 - 45,Female,Unemployed,Yes,5,6,1,1,7,5,5,4,3,7,7,7,4,5,4,4,5,1,3,3
330,26 - 35,Female,Working student,Yes,5,2,4,5,3,4,4,1,5,6,2,3,7,4,3,4,2,3,7,2
331,26 - 35,Male,Working student,Yes,5,2,1,5,3,4,5,7,2,4,3,3,1,2,1,3,3,4,6,2
332,26 - 35,Female,Unemployed,No,7,3,2,3,2,7,7,6,4,2,3,5,5,2,7,1,6,6,2,4
333,36 - 45,Male,Unemployed,Yes,4,5,1,6,5,4,4,6,4,5,4,5,7,7,7,2,4,2,1,2
334,36 - 45,Male,Working student,Yes,7,6,2,6,3,6,1,3,7,6,2,2,6,3,3,1,1,3,1,1
335,36 - 45,Female,Unemployed,No,5,6,2,5,6,2,1,4,6,3,2,5,4,7,1,6,6,7,2,5
336,36 - 45,Female,Working student,Yes,5,2,1,2,6,3,2,1,2,5,3,7,1,1,4,3,6,7,6,6
337,36 - 45,Female,Working student,Yes,7,4,6,3,6,6,3,3,5,4,4,5,3,4,4,2,7,4,7,5
338,36 - 45,Male,Unemployed,Yes,6,4,4,1,1,5,3,2,2,1,7,7,4,7,3,3,3,3,5,4
339,26 - 35,Male,Working student,Yes,7,3,5,5,7,4,5,5,4,6,5,6,4,6,3,1,6,2,3,1
340,26 - 35,Male,Employed,No,6,2,5,3,1,7,7,3,3,3,1,2,2,6,4,3,5,2,3,1
341,26 - 35,Female,Unemployed,Yes,6,2,6,1,5,3,7,3,4,2,2,3,6,7,2,5,3,5,6,2
342,36 - 45,Female,Unemployed,Yes,5,3,7,5,2,4,5,6,6,3,1,2,6,5,6,4,3,4,2,6
343,36 - 45,Male,Unemployed,Yes,4,4,5,3,4,7,2,4,1,2,6,4,1,2,4,5,2,6,5,3
344,36 - 45,Female,Employed,Yes,7,6,3,7,6,4,3,2,4,6,7,2,1,2,6,1,4,2,6,1
345,36 - 45,Male,Employed,No,7,2,7,5,2,4,4,1,6,7,1,1,2,7,4,7,5,7,2,7
346,26 - 35,Female,Unemployed,No,5,6,4,2,2,1,1,5,2,7,2,2,5,6,7,4,7,6,7,7
347,36 - 45,Female,Working student,Yes,6,6,7,6,5,6,6,7,2,2,4,5,5,6,4,7,4,6,2,3
348,26 - 35,Female,Employed,Yes,7,5,1,2,7,1,6,7,4,6,6,3,4,4,7,3,4,1,7,7
349,36 - 45,Female,Unemployed,No,6,2,4,7,7,4,6,7,6,2,6,7,5,1,2,3,4,3,2,7
350,26 - 35,Male,Employed,Yes,6,2,7,1,2,1,2,6,2,6,4,1,6,2,7,7,5,5,6,3
351,36 - 45,Female,Unemployed,Yes,4,6,4,3,6,7,1,2,5,1,5,7,2,7,5,5,6,7,4,2
352,36 - 45,Female,Working student,No,4,5,3,7,3,3,3,4,7,2,6,4,5,4,3,5,1,1,5,3
353,36 - 45,Female,Unemployed,Yes,7,4,7,6,2,1,2,6,5,4,3,3,5,5,6,4,7,5,5,4
354,36 - 45,Male,Working student,Yes,4,4,2,2,6,7,1,3,6,6,7,6,1,2,1,2,6,6,6,1
355,36 - 45,Male,Working student,Yes,5,6,7,5,1,1,1,6,6,4,1,3,5,2,7,5,5,7,1,4
356,26 - 35,Male,Unemployed,No,4,6,5,5,3,3,5,1,7,4,6,4,6,7,5,7,1,7,2,6
357,26 - 35,Female,Working student,No,4,2,2,7,7,1,6,6,5,1,2,4,7,4,4,6,5,7,3,7
358,36 - 45,Female,Unemployed,No,6,3,7,1,5,3,4,4,5,1,2,2,6,7,1,3,4,2,7,5
359,36 - 45,Female,Unemployed,Yes,5,5,3,6,7,7,5,7,3,1,1,5,1,1,5,7,6,2,3,7
360,26 - 35,Male,Working student,Yes,4,2,1,4,5,7,5,1,2,1,4,7,4,3,7,5,1,2,7,3
361,26 - 35,Male,Working student,Yes,5,3,3,2,7,5,5,6,7,3,6,4,3,2,1,3,1,4,1,3
362,26 - 35,Female,Unemployed,No,7,6,7,4,2,6,4,7,2,1,2,4,1,6,1,2,3,7,2,4
363,36 - 45,Female,Unemployed,Yes,6,3,7,5,1,5,6,3,6,2,7,7,2,6,3,1,4,4,5,4
364,36 - 45,Male,Employed,Yes,5,2,6,3,7,2,3,3,6,6,4,7,5,3,6,7,6,3,2,2
365,36 - 45,Female,Employed,Yes,4,4,2,5,1,4,2,7,3,1,7,1,5,5,5,2,7,3,2,6
366,36 - 45,Female,Employed,No,6,4,4,5,5,3,5,2,5,6,7,7,3,4,6,4,7,1,4,4
367,26 - 35,Female,Employed,No,7,4,7,1,7,7,6,4,4,4,1,6,6,4,1,5,7,5,7,3
368,26 - 35,Female,Working student,No,6,4,2,1,3,3,5,1,5,5,6,2,6,3,4,3,1,4,1,2
369,36 - 45,Female,Unemployed,No,7,3,6,6,4,3,2,5,4,6,7,3,4,7,4,3,4,6,5,2
370,36 - 45,Female,Working student,Yes,5,5,7,4,1,2,1,7,2,2,7,2,6,3,4,7,5,6,2,1
371,36 - 45,Female,Working student,Yes,7,2,1,7,3,7,2,4,1,7,6,5,6,3,7,6,4,3,2,6
372,26 - 35,Female,Unemployed,Yes,5,5,7,5,6,2,7,7,6,7,3,6,4,2,2,7,5,2,1,5
373,36 - 45,Male,Employed,Yes,6,4,5,3,7,3,5,1,7,4,2,2,3,4,6,3,5,5,1,3
374,26 - 35,Female,Employed,Yes,6,4,7,2,4,2,5,3,3,2,1,2,4,5,4,4,1,1,3,7
375,26 - 35,Female,Working student,Yes,7,2,4,1,1,7,1,3,4,3,6,7,7,4,2,5,2,1,5,1
376,36 - 45,Male,Working student,No,6,6,4,6,1,1,6,2,1,7,3,2,7,5,1,1,7,2,3,4
377,36 - 45,Male,Working student,Yes,5,5,5,7,7,3,2,2,7,6,2,2,1,3,7,6,1,4,1,4
378,26 - 35,Male,Employed,No,4,6,1,7,1,3,4,4,6,1,4,4,6,5,6,6,4,1,5,3
379,36 - 45,Male,Unemployed,No,7,3,6,7,4,7,6,7,1,2,1,2,4,4,3,3,6,1,5,1
380,36 - 45,Male,Working student,No,6,2,3,2,3,2,1,4,2,2,4,7,7,2,7,3,3,4,4,6
381,26 - 35,Female,Employed,Yes,7,2,5,5,4,5,4,3,7,1,6,7,2,2,2,1,4,6,7,7
382,26 - 35,Male,Unemployed,No,4,2,1,1,7,4,3,5,2,6,2,7,2,6,1,3,6,7,6,4
383,26 - 35,Male,Employed,Yes,7,4,3,4,6,2,5,5,1,1,5,3,7,5,1,4,5,7,3,7
384,26 - 35,Female,Unemployed,No,5,3,2,7,1,6,3,5,5,4,1,2,1,4,4,2,2,3,7,4
385,26 - 35,Female,Working student,No,6,4,1,5,5,6,3,6,1,2,4,7,6,4,5,5,2,2,6,5
386,26 - 35,Male,Working student,No,6,2,2,5,5,1,3,3,3,5,3,1,3,7,5,5,5,1,2,5
387,36 - 45,Female,Employed,No,6,5,5,5,5,6,2,6,6,4,3,4,3,3,3,5,5,1,3,1
388,26 - 35,Male,Unemployed,No,7,6,6,6,3,2,1,4,5,5,6,3,6,7,1,5,2,6,1,6
389,26 - 35,Female,Unemployed,Yes,4,6,3,7,5,7,2,1,1,5,1,4,4,2,4,7,3,1,1,1
390,26 - 35,Male,Unemployed,Yes,4,2,2,4,1,6,2,2,4,6,7,6,7,6,2,5,4,6,2,3
391,36 - 45,Female,Unemployed,Yes,5,5,7,2,4,2,2,1,6,5,4,5,6,1,2,1,5,5,3,7
392,36 - 45,Male,Working student,Yes,7,3,3,4,6,7,4,5,2,4,2,7,6,3,7,4,5,3,3,6
393,26 - 35,Male,Working student,Yes,7,5,3,7,6,4,6,1,5,4,5,1,6,3,4,7,7,6,7,2
394,26 - 35,Female,Working student,Yes,6,2,2,2,6,5,5,7,3,7,3,4,6,4,5,4,5,4,7,5
395,26 - 35,Female,Employed,No,5,5,3,1,5,1,7,3,3,5,7,5,2,1,7,1,2,5,1,7
396,26 - 35,Female,Working student,No,7,4,3,7,6,1,3,7,6,5,4,4,7,1,4,7,3,4,3,7
397,36 - 45,Male,Unemployed,Yes,5,5,1,4,4,1,5,3,3,4,5,3,6,2,2,7,4,5,5,7
398,26 - 35,Male,Employed,Yes,6,4,3,6,5,1,3,6,2,6,3,2,3,2,4,2,2,1,5,6
399,26 - 35,Female,Employed,No,4,6,1,5,3,6,1,2,6,7,5,7,4,6,4,7,4,6,2,1
400,26 - 35,Male,Working student,No,7,4,7,2,6,4,1,5,3,7,2,7,4,6,6,7,1,1,3,4
401,36 - 45,Male,Employed,No,5,3,7,5,1,6,6,2,4,4,3,5,5,4,1,1,4,2,2,2
402,36 - 45,Female,Working student,Yes,5,6,1,6,2,7,5,3,4,7,3,3,5,5,7,7,4,1,4,1
403,26 - 35,Female,Employed,No,4,6,2,7,4,7,6,4,4,5,4,4,6,7,7,5,5,1,2,6
404,26 - 35,Male,Employed,No,7,4,4,6,4,7,3,1,3,7,5,1,1,1,2,4,6,4,5,6
405,36 - 45,Female,Working student,Yes,4,2,3,7,2,2,3,7,1,6,6,3,4,7,2,1,5,7,7,3
406,26 - 35,Male,Employed,Yes,4,2,3,6,5,6,5,7,3,2,7,5,7,7,3,1,3,2,1,1
407,26 - 35,Male,Employed,Yes,7,2,4,7,4,6,1,3,1,3,6,3,1,4,2,4,1,6,2,6
408,36 - 45,Male,Unemployed,No,6,5,7,6,1,1,1,4,1,2,3,6,6,3,3,4,7,6,3,6
409,36 - 45,Male,Unemployed,Yes,7,3,1,4,7,7,6,4,5,4,2,6,5,4,1,5,4,6,3,6
410,36 - 45,Male,Employed,Yes,6,3,7,7,7,3,2,5,2,5,2,3,2,7,1,1,1,4,7,5
411,36 - 45,Male,Unemployed,Yes,4,2,3,7,4,4,7,4,5,6,6,3,6,3,6,3,5,3,6,5
412,36 - 45,Male,Employed,No,5,3,2,2,4,1,7,6,6,4,2,7,1,6,6,7,1,7,6,3
413,26 - 35,Female,Unemployed,Yes,6,6,3,5,5,3,6,4,3,7,7,7,2,4,2,5,3,4,3,4
414,26 - 35,Male,Employed,No,4,4,1,1,2,1,5,3,2,7,1,4,7,3,1,3,3,3,3,3
415,26 - 35,Male,Employed,Yes,4,3,5,4,4,6,7,7,5,6,7,7,5,4,6,1,1,3,4,2
416,36 - 45,Female,Unemployed,Yes,6,2,6,1,6,2,6,6,6,5,2,6,4,7,1,1,7,7,5,7
417,36 - 45,Male,Employed,Yes,6,2,6,6,6,6,2,2,1,4,1,1,7,3,6,3,5,4,5,2
418,36 - 45,Female,Employed,Yes,6,3,7,7,3,2,7,4,5,6,5,3,6,2,4,1,4,2,2,6
419,26 - 35,Female,Working student,No,5,6,3,2,3,2,5,1,4,1,3,7,5,2,4,1,6,6,1,1
420,26 - 35,Male,Employed,Yes,6,2,3,7,4,7,5,4,5,1,2,7,1,1,2,1,2,1,5,5
421,36 - 45,Female,Working student,Yes,6,5,1,3,7,2,3,6,4,2,2,3,4,7,5,5,7,4,2,5
422,26 - 35,Female,Working student,Yes,7,6,2,2,4,3,1,4,3,1,4,3,3,5,3,4,4,4,4,2
423,26 - 35,Female,Unemployed,Yes,7,3,6,6,3,7,2,1,6,5,4,2,2,3,7,4,4,6,2,2
424,26 - 35,Female,Working student,Yes,5,5,5,4,2,3,4,6,7,6,5,1,6,6,3,1,7,2,6,1
425,36 - 45,Female,Employed,Yes,4,4,6,3,1,6,5,1,5,3,3,3,7,5,4,7,1,3,4,2
426,36 - 45,Female,Working student,No,6,3,6,6,4,7,2,4,2,7,4,5,1,1,5,2,1,1,3,7
427,26 - 35,Female,Employed,No,4,5,2,1,4,3,5,3,6,1,2,1,1,6,1,1,4,7,4,6
428,36 - 45,Male,Employed,No,4,2,7,6,7,2,5,3,4,2,5,7,7,2,1,4,2,4,6,3
429,26 - 35,Male,Working student,No,7,5,1,6,7,7,7,2,4,6,7,6,5,5,4,6,7,1,3,1
430,26 - 35,Female,Working student,Yes,4,2,3,4,1,6,3,1,5,5,3,7,2,6,1,3,2,4,1,3
431,36 - 45,Male,Working student,Yes,6,4,2,5,7,7,3,3,3,1,2,7,2,3,2,6,7,4,2,2
432,26 - 35,Male,Employed,No,4,5,3,1,5,2,7,2,7,3,2,4,5,5,7,6,3,1,2,2
433,36 - 45,Female,Working student,No,4,6,7,1,3,2,4,2,3,2,6,4,3,3,7,6,4,6,7,1
434,36 - 45,Male,Working student,No,7,6,4,7,3,4,6,2,1,5,1,4,6,3,5,6,7,4,3,3
435,36 - 45,Male,Employed,Yes,6,2,2,3,4,3,4,7,6,2,7,2,2,2,1,7,5,5,4,6
436,36 - 45,Female,Employed,No,6,4,7,3,4,1,3,7,5,4,5,1,3,3,4,7,2,7,2,4
437,26 - 35,Female,Unemployed,No,6,2,6,4,1,7,2,3,3,7,4,5,6,2,6,7,5,5,7,3
438,26 - 35,Female,Unemployed,No,4,4,1,4,1,6,1,4,6,6,2,2,6,4,1,7,6,5,7,5
439,26 - 35,Male,Employed,Yes,7,5,3,1,6,4,3,1,3,4,6,1,4,2,2,6,5,4,7,4
440,36 - 45,Female,Working student,No,6,5,5,2,5,3,6,1,2,1,6,1,2,1,5,6,4,4,4,5
441,36 - 45,Female,Employed,Yes,7,3,3,4,7,1,1,7,3,3,3,5,4,3,2,5,3,6,4,3
442,36 - 45,Male,Employed,Yes,7,5,6,1,2,4,5,3,7,1,6,7,2,2,4,1,3,6,5,2
443,26 - 35,Female,Unemployed,No,7,3,7,6,5,2,3,5,4,7,5,3,2,7,6,7,7,1,1,4
444,46 - 60,Female,Employed,Yes,2,5,2,1,6,5,4,1,3,2,1,4,3,1,7,3,5,2,3,7
445,> 60,Male,Employed,Yes,1,5,2,1,6,4,4,1,2,3,4,5,6,1,5,3,2,6,5,2
446,46 - 60,Male,Employed,Yes,4,3,2,2,7,5,1,1,1,3,2,5,4,3,1,4,6,6,1,4
447,> 60,Male,Employed,Yes,3,3,1,3,7,4,1,1,2,3,1,6,4,7,5,2,3,1,6,4
448,> 60,Female,Employed,Yes,4,4,2,2,6,5,1,1,1,2,4,2,4,1,5,1,2,5,2,4
449,46 - 60,Male,Employed,Yes,4,5,1,2,7,4,6,1,3,3,2,1,1,5,4,4,2,2,1,5
450,> 60,Female,Employed,Yes,1,4,2,3,7,5,4,1,1,2,2,4,6,6,3,4,5,7,5,5
451,> 60,Female,Employed,Yes,4,4,1,3,6,5,2,1,1,1,1,5,2,3,2,4,4,2,5,3
452,> 60,Female,Employed,Yes,3,6,2,2,6,4,4,1,2,1,4,3,6,6,4,1,1,3,2,7
453,> 60,Male,Employed,Yes,3,5,2,1,7,4,5,1,2,2,5,1,2,6,1,1,3,6,3,3
454,46 - 60,Male,Employed,Yes,4,3,2,3,6,4,6,1,2,2,4,4,7,1,5,4,7,3,3,7
455,> 60,Male,Employed,Yes,1,3,2,1,6,4,2,1,1,2,4,5,7,4,1,2,7,3,1,5
456,46 - 60,Female,Employed,Yes,4,6,1,1,6,5,3,1,3,2,2,4,2,7,3,6,5,4,6,2
457,46 - 60,Male,Employed,Yes,1,3,1,1,7,5,2,1,2,2,3,6,1,3,5,2,7,3,5,4
458,> 60,Female,Employed,Yes,2,6,1,3,6,4,5,1,1,2,1,1,4,2,5,6,3,7,1,1
459,46 - 60,Male,Employed,Yes,2,6,1,2,6,5,3,1,1,3,3,2,5,3,7,6,2,4,2,1
460,> 60,Male,Employed,Yes,2,3,1,3,6,4,7,1,3,1,3,7,2,4,5,6,1,3,3,4
461,46 - 60,Female,Employed,Yes,1,6,1,1,7,5,7,1,1,2,2,1,3,1,1,6,7,5,2,2
462,> 60,Female,Employed,Yes,3,5,2,3,7,4,3,1,3,1,3,5,1,4,3,3,7,6,6,2
463,> 60,Female,Employed,Yes,3,3,1,3,7,4,6,1,2,2,2,4,7,1,5,6,2,2,3,6
464,46 - 60,Female,Employed,Yes,2,4,1,3,7,4,3,1,3,2,4,6,7,4,7,3,6,4,7,2
465,46 - 60,Female,Employed,Yes,4,4,2,2,6,4,3,1,1,3,5,2,3,5,6,4,4,4,1,2
466,> 60,Male,Employed,Yes,1,6,2,2,6,5,4,1,3,1,4,1,5,7,4,4,6,6,2,3
467,> 60,Male,Employed,Yes,3,5,1,3,7,5,3,1,2,3,4,3,6,5,5,4,4,4,6,6
468,46 - 60,Male,Employed,Yes,4,6,1,1,7,4,4,1,2,3,2,5,1,1,7,1,3,5,3,1
469,46 - 60,Female,Employed,Yes,1,3,1,1,6,4,2,1,2,2,4,3,4,7,6,5,3,1,4,7
470,46 - 60,Male,Employed,Yes,2,6,1,3,6,5,5,1,1,1,3,7,6,4,7,3,2,3,3,6
471,> 60,Male,Employed,Yes,4,4,1,3,7,5,5,1,1,3,5,2,2,1,6,5,3,5,4,6
472,> 60,Female,Employed,Yes,1,5,1,1,7,4,4,1,1,1,3,5,1,3,3,5,3,2,2,7
473,> 60,Female,Employed,Yes,2,4,2,2,6,4,2,1,3,3,2,5,6,6,4,7,6,5,3,7
474,46 - 60,Female,Employed,Yes,4,6,1,1,6,5,4,1,2,2,3,5,7,5,5,1,7,7,6,7
475,46 - 60,Male,Employed,Yes,1,5,2,3,7,5,7,1,3,3,3,4,5,7,6,6,2,6,1,1
476,> 60,Female,Employed,Yes,2,5,2,3,6,5,3,1,3,3,1,6,2,1,2,4,5,7,1,3
477,> 60,Female,Employed,Yes,1,3,1,1,7,5,5,1,1,3,3,3,3,5,7,2,6,3,7,2
478,> 60,Female,Employed,Yes,3,5,1,3,6,4,2,1,3,1,1,3,2,1,7,2,3,4,5,5
479,> 60,Male,Employed,Yes,1,4,2,1,6,5,3,1,2,3,2,5,7,2,3,4,1,4,1,7
480,46 - 60,Male,Employed,Yes,3,3,2,1,7,4,6,1,1,2,5,2,7,5,6,6,5,3,5,6
481,> 60,Male,Employed,Yes,3,4,1,2,7,4,2,1,1,1,3,7,1,6,6,5,5,2,4,1
482,> 60,Male,Employed,Yes,3,4,1,3,7,4,5,1,3,1,2,4,7,1,5,5,7,6,4,1
483,> 60,Female,Employed,Yes,3,5,1,3,7,5,7,1,2,3,5,4,5,2,7,7,1,6,6,4
484,46 - 60,Male,Employed,Yes,4,4,2,3,6,4,3,1,2,2,4,3,2,5,7,2,7,2,1,5
485,> 60,Female,Employed,Yes,1,3,2,3,6,5,5,1,1,3,2,3,2,3,2,4,3,2,5,3
486,> 60,Male,Employed,Yes,3,4,1,3,6,5,2,1,1,2,4,6,6,5,3,2,6,5,6,1
487,> 60,Male,Employed,Yes,1,5,1,2,6,4,7,1,1,2,5,7,1,4,4,2,7,1,6,1
488,> 60,Male,Employed,Yes,2,4,1,3,7,4,6,1,3,2,2,2,5,3,2,1,4,7,6,4
489,> 60,Female,Employed,Yes,4,6,1,2,7,5,6,1,2,3,3,3,1,5,1,7,1,1,5,6
490,> 60,Female,Employed,Yes,3,3,1,3,6,4,5,1,2,2,3,6,7,5,6,4,5,6,3,6
491,46 - 60,Male,Employed,Yes,1,4,1,3,7,4,4,1,2,3,1,5,2,4,2,2,3,6,5,7
492,> 60,Female,Employed,Yes,4,3,2,1,6,5,3,1,1,1,5,1,4,7,2,1,7,3,7,2
493,> 60,Female,Employed,Yes,3,5,1,3,6,5,3,1,3,3,3,2,5,5,5,6,3,7,4,7
494,46 - 60,Female,Employed,Yes,4,4,1,1,7,5,6,1,2,3,4,6,1,1,4,2,1,1,2,3
495,46 - 60,Male,Employed,Yes,3,5,1,2,7,4,3,1,1,2,5,3,7,2,2,3,4,3,4,6
496,46 - 60,Male,Employed,Yes,2,6,1,1,6,4,7,1,2,2,2,1,1,5,6,5,3,6,7,3
497,46 - 60,Female,Employed,Yes,4,4,1,1,6,4,7,1,1,1,2,2,6,5,3,6,6,4,5,5
498,> 60,Female,Employed,Yes,1,5,2,2,7,5,5,1,1,1,1,4,4,1,3,4,5,7,2,5
499,46 - 60,Female,Employed,Yes,2,4,1,3,7,4,6,1,1,1,1,1,3,3,1,1,4,1,4,1
500,> 60,Male,Employed,Yes,1,5,1,3,6,4,1,1,2,3,2,7,6,7,2,1,4,7,5,4
501,46 - 60,Female,Employed,Yes,4,6,2,3,7,4,6,1,1,1,3,6,1,1,2,2,6,5,5,3
502,46 - 60,Male,Employed,Yes,2,6,1,2,7,5,5,1,1,2,5,1,4,3,7,5,2,2,2,3
503,46 - 60,Female,Employed,Yes,4,6,2,3,7,5,5,1,3,3,2,7,6,4,6,3,2,5,1,7
504,> 60,Male,Employed,Yes,1,6,1,3,7,4,6,1,1,2,4,2,4,3,1,3,2,2,3,4
505,> 60,Female,Employed,Yes,4,4,1,1,6,5,4,1,2,2,2,1,4,5,7,4,2,5,4,7
506,46 - 60,Male,Employed,Yes,4,6,2,3,6,4,3,1,2,3,3,5,4,1,2,4,1,2,2,4
507,> 60,Male,Employed,Yes,2,4,1,3,6,4,3,1,3,1,5,7,5,6,7,1,4,2,2,3
508,> 60,Male,Employed,Yes,2,4,2,1,7,4,6,1,1,3,4,1,1,1,6,7,3,5,5,7
509,46 - 60,Male,Employed,Yes,3,3,1,2,7,4,4,1,3,2,5,1,1,1,7,6,2,1,6,5
510,> 60,Female,Employed,Yes,2,6,1,3,6,5,2,1,3,1,1,1,3,3,5,1,2,7,1,5
511,> 60,Male,Employed,Yes,3,5,1,2,7,4,2,1,3,1,5,5,6,7,5,1,7,2,5,6
512,> 60,Male,Employed,Yes,1,4,2,2,7,4,6,1,2,3,3,7,4,3,5,5,3,4,5,3
513,46 - 60,Female,Employed,Yes,3,5,2,2,6,5,5,1,3,1,5,6,1,6,2,4,6,2,6,5
514,46 - 60,Female,Employed,Yes,3,6,2,2,6,5,5,1,1,1,2,6,7,1,1,4,1,2,6,6
515,> 60,Male,Employed,Yes,1,6,2,1,7,5,2,1,1,1,4,4,6,3,5,4,7,1,1,2
516,46 - 60,Female,Employed,Yes,4,3,1,2,7,5,6,1,2,3,2,6,6,5,7,3,1,4,3,4
517,46 - 60,Male,Employed,Yes,3,3,2,2,6,5,7,1,1,1,4,4,7,6,1,7,2,4,1,2
518,46 - 60,Male,Working student,Yes,3,3,4,4,1,4,4,1,6,5,4,4,3,4,7,4,3,1,4,4
519,36 - 45,Female,Unemployed,Yes,2,5,3,1,2,4,6,2,4,2,6,7,2,4,7,5,6,1,2,6
520,< 18,Other,Working student,Yes,5,4,2,6,4,3,4,3,7,4,5,2,1,3,4,3,1,1,5,4
521,18 - 25,Female,Unemployed,Yes,6,3,7,4,5,1,3,1,1,6,1,3,5,7,3,4,2,3,7,6